ORIGINAL,NORMALIZADOS
"@GiordanaLube Os mais usados s√£o:Antipir√©ticos: para diminuir a temperatura e combater a febre;

Analg√©sicos: para aliviar as dores musculares por todo o corpo;

Antibi√≥ticos: para tratar poss√≠veis infec√ß√µes bacterianas que possam surgir junto com a COVID-19.","@GiordanaLube Os mais usados s√£o: Antipir√©ticos: para diminuir a temperatura e combater a febre;

Analg√©sicos: para aliviar as dores musculares por todo o corpo;

Antibi√≥ticos: para tratar poss√≠veis infec√ß√µes bacterianas que possam surgir junto com a COVID"
"Hoje morreu um rapaz de um setor ao lado do meu. Mais uma v√≠tima da Covid-19. Essa √© a mensagem que a esposa postou pouco antes da morte dele no facebook. Me doeu demais! Isso √© s√©rio, gente. FIQUEM EM CASA. https://t.co/wzHMXb9gmw","Hoje morreu um rapaz de um setor ao lado do meu. Mais uma v√≠tima da Covid-19. Essa √© a mensagem que a esposa postou pouco antes da morte dele no facebook. Me doeu demais! Isso √© s√©rio, gente. FIQUEM EM CASA."
"@Rconstantino Depois do Covid-19, Lula Livre-22! √â muita desgra√ßa pra um pa√≠s s√≥! Vergonha!","@Rconstantino Depois do Covid-19, Lula Livre-22! √â muita desgra√ßa para um pa√≠s s√≥! Vergonha!"
RT @tah_viapiana : Mortes de idosos acima de 90 anos por Covid-19 caem 70% na cidade de SP em fevereiro. Especialistas falam em 'reflexo da vacina√ß√£o'.  https://t.co/vpcgA9qS4H,RT @tah_viapiana: Mortes de idosos acima de 90 anos por Covid-19 caem 70% na cidade de SP em fevereiro. Especialistas falam em 'reflexo da vacina√ß√£o'.
RT @plantao190 : Recebemos uma informa√ß√µes de um profissional da Sa√∫de que todos hospitais de Curitiba fecharam as portas agora a noite para pacientes de Covid-19. No Hospital do Trabalhador h√° uma fila de ambul√¢ncias aguardando para ver se conseguem alguma vaga.,RT @plantao190: Recebemos uma informa√ß√£o de um profissional da Sa√∫de que todos hospitais de Curitiba fecharam as portas agora √† noite para pacientes de Covid-19. No Hospital do Trabalhador h√° uma fila de ambul√¢ncias aguardando para ver se conseguem alguma vaga.
"RT @CoronavirusBra1 : Vinte e cinco das 27 capitais do pa√≠s est√£o com taxas de ocupa√ß√£o de leitos de UTI Covid-19 para adultos iguais ou superiores a 80%, sendo 15 delas superiores a 90%.","RT @CoronavirusBra1: Vinte e cinco das 27 capitais do pa√≠s est√£o com taxas de ocupa√ß√£o de leitos de UTI Covid-19 para adultos iguais ou superiores a 80%, sendo 15 delas superiores a 90%."
"RT @fabioirodrigues : Quase 12.000 pessoas por Covid-19 em UTI no estado de SP, a cada 2 minutos entra uma pessoa em hospital buscando atendimento","RT @fabioirodrigues: Quase 12.000 pessoas por Covid-19 em UTI no estado de SP, a cada 2 minutos entra uma pessoa em hospital buscando atendimento"
"RT @UOL : Brasil bate recorde com 1.954 mortes por covid-19 em 24 horas 

Nesta ter√ßa-feira (9), o pa√≠s teve o maior n√∫mero de novas mortes causadas pela covid-19 em um intervalo de 24 horas: 1.954. Tamb√©m foi registrado, pelo 11¬∫ dia consecutivo, o recorde na m√©dia de √≥bitos https://t.co/AzMcRijp2J","RT @UOL: Brasil bate recorde com 1.954 mortes por covid-19 em 24 horas.

Nesta ter√ßa-feira (9), o pa√≠s teve o maior n√∫mero de novas mortes causadas pela covid-19 em um intervalo de 24 horas: 1.954. Tamb√©m foi registrado, pelo 11¬∫ dia consecutivo, o recorde na m√©dia de √≥bitos."
"RT @JovemPanNews : Uruguai enviar√° sobra de vacinas contra Covid-19 a cidades fronteiri√ßas do Brasil.

https://t.co/O5e7aCgStK https://t.co/Hx8CdJPMzg",RT @JovemPanNews: Uruguai enviar√° sobra de vacinas contra Covid-19 a cidades fronteiri√ßas do Brasil.
"RT @fabianogerber : Ivermectin is effective for COVID-19: real-time meta analysis of 44 studies - pra quem martela ‚Äúci√™ncia‚Äù, sem nunca sequer ter lido um artigo cient√≠fico, pega e aproveita. E toma logo! https://t.co/1vGuELX0v6","RT @fabianogerber: Ivermectin is effective for COVID-19: real-time meta analysis of 44 studies - para quem martela ‚Äúci√™ncia‚Äù, sem nunca sequer ter lido um artigo cient√≠fico, pega e aproveita. E toma logo!"
"Ali√°s. Mais uma aberra√ß√£o. Imagina em que outro lugar do Universo um Ministro da mais alta Corte do Judici√°rio tem que decidir a s√©rio algo assim?

https://t.co/pAMtZid2fX",Ali√°s. Mais uma aberra√ß√£o. Imagina em que outro lugar do Universo um Ministro da mais alta Corte do Judici√°rio tem que decidir a s√©rio algo assim?
"RT @conexaopolitica : Sob pena de multa, cidade paulista obriga pessoas com Covid-19 a usarem pulseiras de identifica√ß√£o https://t.co/fIOzbapWaj","RT @conexaopolitica: Sob pena de multa, cidade paulista obriga pessoas com Covid-19 a usarem pulseiras de identifica√ß√£o."
RT @reporterenato : URGENTE: Distrito Federal decreta estado de calamidade p√∫blica em raz√£o do avan√ßo da pandemia de covid-19. Sistema de sa√∫de se aproxima do colapso e governo deve pedir ajuda da Uni√£o.,RT @reporterenato: URGENTE: Distrito Federal decreta estado de calamidade p√∫blica em raz√£o do avan√ßo da pandemia de covid-19. Sistema de sa√∫de se aproxima do colapso e governo deve pedir ajuda da Uni√£o.
"RT @filgmartin : 1. Estamos encerrando agora nossa miss√£o em Israel ap√≥s uma intensa e bem-sucedida agenda, ao longo dos √∫ltimos tr√™s dias, com o governo israelense e com institutos de pesquisa que est√£o desenvolvendo medicamentos, vacinas e outras tecnologias para o enfrentamento da covid-19.","RT @filgmartin: 1. Estamos encerrando agora nossa miss√£o em Israel ap√≥s uma intensa e bem-sucedida agenda, ao longo dos √∫ltimos tr√™s dias, com o governo israelense e com institutos de pesquisa que est√£o desenvolvendo medicamentos, vacinas e outras tecnologias para o enfrentamento da covid-19."
"RT @Metropoles : @minsaude faz apelo √† China por 30 milh√µes de doses da vacina Sinopharm.

Em carta enviada ao embaixador chin√™s no Brasil, pasta reconhece que a campanha de vacina√ß√£o contra a Covid-19 pode parar por falta de doses https://t.co/S314SOsMmJ https://t.co/npq0oV4xdx","RT @Metropoles: @minsaude faz apelo √† China por 30 milh√µes de doses da vacina Sinopharm.

Em carta enviada ao embaixador chin√™s no Brasil, pasta reconhece que a campanha de vacina√ß√£o contra a Covid-19 pode parar por falta de doses."
"RT @ABeatriz_RO : Sprays lan√ßados por esgoto a c√©u aberto contribuem para maior dispers√£o da COVID-19.

A pesquisa, realizada na favela Dona Marta/RJ, levanta o questionamento: at√© onde a desigualdade social contribui para a dissemina√ß√£o dessa doen√ßa?

J√° d√° o RT, like e vamos de #fioclimaticobr https://t.co/7ryiSmrl35","RT @ABeatriz_RO: Sprays lan√ßados por esgoto a c√©u aberto contribuem para maior dispers√£o da COVID-19.

A pesquisa, realizada na favela Dona Marta/RJ, levanta o questionamento: at√© onde a desigualdade social contribui para a dissemina√ß√£o dessa doen√ßa?

J√° d√° o RT, like e vamos de #fioclimaticobr"
"RT @Medicina_CFM : As vacinas contra a #covid-19 foram aprovadas pela Anvisa e j√° est√£o em solo brasileiro. Tomar a vacina √© uma a√ß√£o individual, mas que ajuda a todos.

O recado do CFM √©: vacine-se. Proteja a si mesmo e √† sua fam√≠lia.

#CFM #vacina https://t.co/VeC5uiBBYb","RT @Medicina_CFM: As vacinas contra a #covid-19 foram aprovadas pela Anvisa e j√° est√£o em solo brasileiro. Tomar a vacina √© uma a√ß√£o individual, mas que ajuda a todos.

O recado do CFM √©: vacine-se. Proteja a si mesmo e √† sua fam√≠lia.

#CFM #vacina"
"Brasil tem recorde de mortes por covid-19 em 24 horas. Pandemia avan√ßa sem controle.
Foram 1.972 v√≠timas notificadas nesta ter√ßa (9). J√° s√£o 268.370 vidas perdidas desde o in√≠cio da covid no Brasil, em mar√ßo.
https://t.co/UtnHemNoDv
*
#BolsonaroGenocida","Brasil tem recorde de mortes por covid-19 em 24 horas. Pandemia avan√ßa sem controle.
Foram 1.972 v√≠timas notificadas nesta ter√ßa (9). J√° s√£o 268.370 vidas perdidas desde o in√≠cio da covid no Brasil, em mar√ßo.
#BolsonaroGenocida"
"RT @MidiaNINJA : NOVO RECORDE.
Brasil registra 70.764 novos casos e 1.972 mortes por covid-19 em 24h.","RT @MidiaNINJA: NOVO RECORDE.
Brasil registra 70.764 novos casos e 1.972 mortes por covid-19 em 24h."
"RT @barrapatrick : As prefeituras de Arroio dos Ratos, Bar√£o do Triunfo, Buti√°, Charqueadas, General C√¢mara, Minas do Le√£o e S√£o Jer√¥nimo realizaram reuni√µes nesta ter√ßa-feira (09) para avaliar os resultados das medidas mais restritivas decretadas para diminuir o avan√ßo da COVID-19 na Carbon√≠fera.","RT @barrapatrick: As prefeituras de Arroio dos Ratos, Bar√£o do Triunfo, Buti√°, Charqueadas, General C√¢mara, Minas do Le√£o e S√£o Jer√¥nimo realizaram reuni√µes nesta ter√ßa-feira (09) para avaliar os resultados das medidas mais restritivas decretadas para diminuir o avan√ßo da COVID-19 na Carbon√≠fera."
"RT @slpng_giants_pt : O Brasil bateu recorde hoje de 1972 mortes por Covid-19 e ainda continuam divulgando desinforma√ß√£o sobre o lockdown, tratamento precoce, m√°scara e a vacina. Toda vez que voc√™s virem esses conte√∫dos, denunciem, pois essas mentiras levaram muitas vidas e n√£o podemos perder mais!‚úäüèΩ","RT @slpng_giants_pt: O Brasil bateu recorde hoje de 1972 mortes por Covid-19 e ainda continuam divulgando desinforma√ß√£o sobre o lockdown, tratamento precoce, m√°scara e a vacina. Toda vez que voc√™s virem esses conte√∫dos, denunciem, pois essas mentiras levaram muitas vidas e n√£o podemos perder mais!"
"Meu psicol√≥gico anda muito abalado com essa onda do COVID-19;20;30;40
T√¥ ficando cansada, exausta e s√≥ preocupada com meu espiritual que tamb√©m abalou, por d√∫vidar tanto q isso possa melhorar. üòî","Meu psicol√≥gico anda muito abalado com essa onda do COVID-19;
T√¥ ficando cansada, exausta e s√≥ preocupada com meu espiritual que tamb√©m abalou, por duvidar tanto que isso possa melhorar."
"RT @Estadao : 25 das 27 capitais brasileiras t√™m ocupa√ß√£o das UTIs acima de 80%, segundo a Fiocruz; veja no mapa üëá https://t.co/k5yPYGJ3AB https://t.co/0Atn3OTz9b","RT @Estadao: 25 das 27 capitais brasileiras t√™m ocupa√ß√£o das UTIs acima de 80%, segundo a Fiocruz; veja no mapa."
"RT @bollemdb : Prioridades para reduzir o risco de COVID-19 (em ordem, fio):

1. M√°scara de boa qualidade e bem ajustada no rosto, sem aberturas. Pode tamb√©m ser cir√∫rgica por baixo com de pano por cima -- sempre bem ajustadas.

2. Ar livre! Ou locais com ventila√ß√£o (janelas sempre abertas).

+","RT @bollemdb: Prioridades para reduzir o risco de COVID-19 (em ordem, fio):

1. M√°scara de boa qualidade e bem ajustada no rosto, sem aberturas. Pode tamb√©m ser cir√∫rgica por baixo com de pano por cima -- sempre bem ajustadas.

2. Ar livre! Ou locais com ventila√ß√£o (janelas sempre abertas)."
Eu tava vendo uma noticia q a Rosa Weber tinha negado um pedido pra uso de coca√≠na no tratamento da Covid-19 kskskksksksksklslslslls ü§îü§î,Eu estava vendo uma not√≠cia que a Rosa Weber tinha negado um pedido para uso de coca√≠na no tratamento da Covid-19.
RT @delucca : Um a cada quatro mortos por Covid-19 no mundo nas √∫ltimas 24 horas √© brasileiro.,RT @delucca: Um a cada quatro mortos por Covid-19 no mundo nas √∫ltimas 24 horas √© brasileiro.
"RT @soueukaique : Se no primeiro turno vc da esquerda tem Ciro e/ou Marina mas escolhe Lula, vc apoia o mensal√£o e o petrol√£o, se no primeiro turno vc da direita tem o Moro e/ou Amoedo e escolhe Bolsonaro, vc apoia o descaso com as vitimas da Covid-19 e apoia os 89 mil na conta da Michele! PONTO.","RT @soueukaique: Se no primeiro turno voc√™ da esquerda tem Ciro e/ou Marina mas escolhe Lula, voc√™ apoia o mensal√£o e o petrol√£o, se no primeiro turno voc√™ da direita tem o Moro e/ou Amoedo e escolhe Bolsonaro, voc√™ apoia o descaso com as v√≠timas da Covid-19 e apoia os 89 mil na conta da Michele! PONTO."
"RT @reportersalles : O presidente da C√¢mara dos deputados, @ArthurLira_ pediu ajuda da China, ber√ßo do coronav√≠rus, para conter a COVID-19 no Brasil. Na carta, Lira pede que os comunistas tenham um olhar humano e solid√°rio sobre o Brasil e afirma que a ajuda ir√° fortalecer os la√ßos entre os pa√≠ses. https://t.co/mgYm26GUpQ","RT @reportersalles: O presidente da C√¢mara dos deputados, @ArthurLira_ pediu ajuda da China, ber√ßo do coronav√≠rus, para conter a COVID-19 no Brasil. Na carta, Lira pede que os comunistas tenham um olhar humano e solid√°rio sobre o Brasil e afirma que a ajuda ir√° fortalecer os la√ßos entre os pa√≠ses."
"RT @B_Manfredini : O Brasil bateu - de novo - o recorde di√°rio de mortes por Covid-19 com 1.972 novos √≥bitos registrados nas √∫ltimas 24h.

Enquanto isso, a Fiocruz divulga um alerta: lota√ß√£o de UTIs deixa 19 estados e o DF em ‚Äúalerta cr√≠tico‚Äù; 13 tem mais de 90% de ocupa√ß√£o","RT @B_Manfredini : O Brasil bateu - de novo - o recorde di√°rio de mortes por Covid-19 com 1.972 novos √≥bitos registrados nas √∫ltimas 24h.

Enquanto isso, a Fiocruz divulga um alerta: lota√ß√£o de UTIs deixa 19 estados e o DF em ‚Äúalerta cr√≠tico‚Äù; 13 tem mais de 90% de ocupa√ß√£o"
"RT @surian : Igrejas ""apartid√°rias""

Racismo: üò¥
Covid 19: üò¥
Abuso de mulheres: üò¥
Corrup√ß√£o: üò¥
Lula eleg√≠vel: Vamos orar pelo Brasil

PS. N√£o t√¥ nem a√≠ pro Lula, mas essa partidariza√ß√£o das igrejas me d√° nos nervos..","Hoje, mais de um brasileiro morreu por MINUTO pela COVID-19! Fruto de um governo irrespons√°vel e genocida. N√£o aguentamos mais!"
Covid-19: M√©xico com 866 mortes e 7.407 novos casos em 24 horas https://t.co/MJWvdp0760,Covid-19: M√©xico com 866 mortes e 7.407 novos casos em 24 horas
"RT @UOL : Com 517 mortes, SP tem recorde de √≥bitos por covid-19 em 24 h https://t.co/DKrS7M6Z4R","RT @UOL: Com 517 mortes, SP tem recorde de √≥bitos por covid-19 em 24 h"
"Lament√°vel, a maneira truculenta como esse ve√≠culo de comunica√ß√£o d√° o n* de mortes di√°ria por covid-19 no Brasil. Fazendo um monte de trapalhada, para colocar o Brasil na frente dos EUA. Por qu√™ essa deslealdade?","Lament√°vel, a maneira truculenta como esse ve√≠culo de comunica√ß√£o d√° o n√∫mero de mortes di√°rias por covid-19 no Brasil. Fazendo um monte de trapalhada, para colocar o Brasil na frente dos EUA. Por que essa deslealdade?"
"RT @CNNBrasil : BREAKING NEWS

1.972 pessoas morreram pela Covid-19 nas √∫ltimas 24 horas, maior registro da pandemia https://t.co/hXFb44tP6u","RT @CNNBrasil: BREAKING NEWS

1.972 pessoas morreram pela Covid-19 nas √∫ltimas 24 horas, maior registro da pandemia."
"@fannypricenew O hospital moinhos de vento em  Porto Alegre,  j√° prevendo o caos, providenciou um container  refrigerado para os corpos das v√≠timas da covid-19.","@fannypricenew: O hospital moinhos de vento em Porto Alegre, j√° prevendo o caos, providenciou um container refrigerado para os corpos das v√≠timas da covid-19."
"RT @slpng_giants_pt : 1972: RECORDE DE MORTES POR COVID-19 NAS √öLTIMAS 24 HORAS

E no mesmo dia o Ter√ßa Livre debocha das mortes ao compartilhar um falso tratamento precoce. @YouTubeBrasil, vamos parar de lucrar com esse tipo de conte√∫do odioso e fraudulento? Pfv desmonetize!‚úäüèΩ#SleepingGiantsBrasil https://t.co/ikHucYlhMq","RT @slpng_giants_pt: 1972: RECORDE DE MORTES POR COVID-19 NAS √öLTIMAS 24 HORAS

E no mesmo dia o Ter√ßa Livre debocha das mortes ao compartilhar um falso tratamento precoce. @YouTubeBrasil, vamos parar de lucrar com esse tipo de conte√∫do odioso e fraudulento? Por favor desmonetize! #SleepingGiantsBrasil"
"RT @bollemdb : Prioridades para reduzir o risco de COVID-19 (em ordem, fio):

1. M√°scara de boa qualidade e bem ajustada no rosto, sem aberturas. Pode tamb√©m ser cir√∫rgica por baixo com de pano por cima -- sempre bem ajustadas.

2. Ar livre! Ou locais com ventila√ß√£o (janelas sempre abertas).

+","@yurimourarj: Tenho recebido centenas de mensagens pela nossa atua√ß√£o na sess√£o de ontem na C√¢mara. Inclusive, de profissionais da sa√∫de e ci√™ncia. Muitos querem ajudar no esclarecimento √† popula√ß√£o sobre o falso tratamento precoce pra Covid-19. Muito bonita a rea√ß√£o de todos voc√™s. Obrigado!"
"Eu recebi uma p√©ssima. Meu netinho d 11anos, q √© americano e mora em San Diego, positivou pra covid-19. 
Ele est√° bem, mas estou preocupada, pois al√©m dos pais, tem 2 irm√£os. Estou aguardando not√≠cias pelo meu filho. https://t.co/9n0RRfJkHl","Eu recebi uma p√©ssima not√≠cia. Meu netinho de 11 anos, que √© americano e mora em San Diego, positivou pra covid-19.
Ele est√° bem, mas estou preocupada, pois al√©m dos pais, tem 2 irm√£os. Estou aguardando not√≠cias pelo meu filho."
"RT @EduGiraoOficial : O @SenadoFederal aprovou, na sess√£o remota de hoje, um requerimento de nossa autoria, apoiado por outros senadores, que prev√™ a realiza√ß√£o de uma sess√£o de debate para tratar do tratamento preventivo/precoce da covid-19 com diversos especialistas.  https://t.co/lR4OFpR0BU","RT @EduGiraoOficial: O @SenadoFederal aprovou, na sess√£o remota de hoje, um requerimento de nossa autoria, apoiado por outros senadores, que prev√™ a realiza√ß√£o de uma sess√£o de debate para tratar do tratamento preventivo/precoce da covid-19 com diversos especialistas."
"Sempre ouvi nos notici√°rios que os hospitais n√£o tinham leitos dispon√≠veis.
Logo, esse n√£o √© um problema causado pela pandemia do COVID-19 e sim pela m√°  gest√£o dos recursos p√∫blicos.
Vide o Gov. de SP, prorrogou contrato de publicidadadede 90M em plena pandemia.
 @jdoriajr https://t.co/55Oq6yscsm","Sempre ouvi nos notici√°rios que os hospitais n√£o tinham leitos dispon√≠veis.
Logo, esse n√£o √© um problema causado pela pandemia do COVID-19 e sim pela m√° gest√£o dos recursos p√∫blicos.
Vide o Governo de SP, prorrogou contrato de publicidade 90M em plena pandemia.
 @jdoriajr"
RT @avozdocerrado_ : O Brasil registrou 1.954 mortes em 24 horas por COVID-19. Infelizmente um novo recorde.,RT @avozdocerrado_ : O Brasil registrou 1.954 mortes em 24 horas por COVID-19. Infelizmente um novo recorde.
"RT @flferronato : @portalR7 Voc√™s da imprensa precisam combinar as vers√µes!!

https://t.co/ORJFidyEha",RT @flferronato: @portalR7 Voc√™s da imprensa precisam combinar as vers√µes!
"Nunes Marques, que pediu vista no julgamento de Moro, est√° em SP cuidando dos pais, diagnosticados com Covid-19 https://t.co/2K4JAnafYJ","Nunes Marques, que pediu vista no julgamento de Moro, est√° em SP cuidando dos pais, diagnosticados com Covid-19."
"RT @GeanLoureiro : TR√çPLICE VIRAL: reuni√£o hj com professores da nossa UFSC Edison e Juliana, q est√£o √† frente da pesquisa sobre os efeitos da Tr√≠plice viral contra a COVID-19. Os resultados s√£o animadores e nossa equipe t√©cnica est√° analisando a pesquisa. H√° possibilidade real de usarmos. Segue üëá https://t.co/rPyxcnCBRW","RT @GeanLoureiro: TR√çPLICE VIRAL: reuni√£o hoje com professores da nossa UFSC Edison e Juliana, que est√£o √† frente da pesquisa sobre os efeitos da Tr√≠plice viral contra a COVID-19. Os resultados s√£o animadores e nossa equipe t√©cnica est√° analisando a pesquisa. H√° possibilidade real de usarmos."
RT @rafaelvelame : Feira de Santana registrou mais 228 casos e cinco mortes por COVID-19 nesta ter√ßa-feira (09).,RT @rafaelvelame: Feira de Santana registrou mais 228 casos e cinco mortes por COVID-19 nesta ter√ßa-feira (09).
"RT @Ale_Lozetti : Aloprados negacionistas viajam para Israel planejando voltar com um spray m√°gico para curar a COVID-19, e ouvem dos pr√≥prios desenvolvedores que a √∫nica solu√ß√£o √© vacinar a popula√ß√£o. √â desmoralizante, humilhante e merecido. https://t.co/SwCz4IW26r","RT @Ale_Lozetti: Aloprados negacionistas viajam para Israel planejando voltar com um spray m√°gico para curar a COVID-19, e ouvem dos pr√≥prios desenvolvedores que a √∫nica solu√ß√£o √© vacinar a popula√ß√£o. √â desmoralizante, humilhante e merecido."
Prefeitura de Campos limita hor√°rio de funcionamento de bares e restaurantes. A medida acontece ap√≥s o aumento no n√∫mero de casos de Covid-19. #Cidade #BandNewsFM https://t.co/7uuy0QHrfi,A prefeitura de Campos limita hor√°rio de funcionamento de bares e restaurantes. A medida acontece ap√≥s o aumento no n√∫mero de casos de Covid-19. #Cidade #BandNewsFM
"RT @DiarioPE : Olinda inicia cadastro para vacinar idosos a partir de 76 anos contra Covid-19
https://t.co/2hMMReVxfp",RT @DiarioPE: Olinda inicia cadastro para vacinar idosos a partir de 76 anos contra Covid-19.
"RT @cartacapital : Novo recorde: Brasil tem 1.972 mortes por Covid-19 em 24h 
https://t.co/Gqdbutq16o",RT @cartacapital: Novo recorde: Brasil tem 1.972 mortes por Covid-19 em 24h.
RT @Estadao : URGENTE: Brasil registra 1.954 mortes por covid-19 em 24 horas e bate novo recorde https://t.co/M5TnADDgOR https://t.co/SytX6uO6tW,RT @Estadao: URGENTE: Brasil registra 1.954 mortes por covid-19 em 24 horas e bate novo recorde.
RT @GloboNews : Brasil bate novo recorde e registra 1.954 mortes por Covid-19 nas √∫ltimas 24 horas. O pa√≠s tamb√©m bateu recorde na m√©dia m√≥vel de mortos pelo 11¬∫ dia seguido e registrou 1.572 √≥bitos em m√©dia: https://t.co/q0doYLIm5k #GloboNews #EmPauta https://t.co/6TdcB1sY1X,RT @GloboNews : Brasil bate novo recorde e registra 1.954 mortes por Covid-19 nas √∫ltimas 24 horas. O pa√≠s tamb√©m bateu recorde na m√©dia m√≥vel de mortos pelo 11¬∫ dia seguido e registrou 1.572 √≥bitos em m√©dia.
@gomesnilson 2 semanas que perdi meu sogro ora COVID 19. 53 ANOS.,@gomesnilson 2 semanas que perdi meu sogro por COVID 19. 53 ANOS.
"RT @Medicina_CFM : As vacinas contra a #covid-19 foram aprovadas pela Anvisa e j√° est√£o em solo brasileiro. Tomar a vacina √© uma a√ß√£o individual, mas que ajuda a todos.

O recado do CFM √©: vacine-se. Proteja a si mesmo e √† sua fam√≠lia.

#CFM #vacina https://t.co/VeC5uiBBYb","RT @Medicina_CFM : As vacinas contra a #covid-19 foram aprovadas pela Anvisa e j√° est√£o em solo brasileiro. Tomar a vacina √© uma a√ß√£o individual, mas que ajuda a todos.

O recado do CFM √©: vacine-se. Proteja a si mesmo e √† sua fam√≠lia.

#CFM #vacina"
"RT @o_antagonista : Governo analisa a restri√ß√£o de hor√°rio para com√©rcios essenciais, como supermercados e farm√°cias; hoje, com 517 mortes em 24 horas, o estado bateu seu recorde de √≥bitos desde o in√≠cio da pandemia.

https://t.co/fluTP6bw5K","RT @o_antagonista : Governo analisa a restri√ß√£o de hor√°rio para com√©rcios essenciais, como supermercados e farm√°cias; hoje, com 517 mortes em 24 horas, o estado bateu seu recorde de √≥bitos desde o in√≠cio da pandemia.
"
Voc√™ confia na efic√°cia da vacina contra a covid-19?,Voc√™ confia na efic√°cia da vacina contra a covid-19?
"RT @HaddadDebochado : Brasil üáßüá∑ bate novo recorde: 1.972 mortes por covid-19 nas √∫ltimas 24 horas.

N√ÉO TEMOS VACINA.
N√ÉO TEMOS LOCKDOWN.
N√ÉO TEMOS AUX√çLIO EMERGENCIAL.
N√ÉO TEMOS MINISTRO DA SA√öDE.
N√ÉO TEMOS PRESIDENTE DA REP√öBLICA.","RT @HaddadDebochado : Brasil üáßüá∑ bate novo recorde: 1.972 mortes por covid-19 nas √∫ltimas 24 horas.

N√ÉO TEMOS VACINA.
N√ÉO TEMOS LOCKDOWN.
N√ÉO TEMOS AUX√çLIO EMERGENCIAL.
N√ÉO TEMOS MINISTRO DA SA√öDE.
N√ÉO TEMOS PRESIDENTE DA REP√öBLICA."
RT @gugachacra : Maternidade em Macei√≥ tem 15 beb√™s com Covid-19 internados em estado grave | Alagoas | G1 https://t.co/WJxSicIuMy,RT @gugachacra : Maternidade em Macei√≥ tem 15 beb√™s com Covid-19 internados em estado grave | Alagoas | G1
"RT @secomvc : A Campanha Nacional de Vacina√ß√£o contra a Covid-19 do @minsaude j√° alcan√ßou cerca de 11,5 milh√µes de pessoas relacionadas aos grupos priorit√°rios em todo o pa√≠s. https://t.co/UvLcMgTyX6","RT @secomvc : A Campanha Nacional de Vacina√ß√£o contra a Covid-19 do @minsaude j√° alcan√ßou cerca de 11,5 milh√µes de pessoas relacionadas aos grupos priorit√°rios em todo o pa√≠s."
"RT @Francisco_SPBR : Prioridade n√∫mero 1 para o Brasil, luta contra o Covid-19, prioridade n√∫mero 2 #VotoAuditavelJa","RT @Francisco_SPBR : Prioridade n√∫mero 1 para o Brasil, luta contra o Covid-19, prioridade n√∫mero 2 #VotoAuditavelJa."
"@DouglasGarcia @Theurias Cara, fiscaliza a secret√°ria de sa√∫de. Os hospitais. Voc√™s est√£o dormindo, como pode zero √≥bitos sem 202 por dengue? Est√£o colocando tudo na conta da covid-19. Ajudem na guerra tamb√©m.","@DouglasGarcia @Theurias Cara, fiscaliza a secret√°ria de sa√∫de. Os hospitais. Voc√™s est√£o dormindo, como pode zero √≥bitos sem 202 por dengue? Est√£o colocando tudo na conta da covid-19. Ajudem na guerra tamb√©m."
Quinta (11) tem vacina√ß√£o contra Covid-19 para trabalhadores da¬†sa√∫de https://t.co/io64z2ghTd,Quinta (11) tem vacina√ß√£o contra Covid-19 para trabalhadores da sa√∫de.
"RT @BlogdoNoblat : Vacinas contra a Covid-19 est√£o se esgotando na Regi√£o Metropolitana do Rio, e cidades podem alterar cronograma
https://t.co/mD2udP506F","RT @BlogdoNoblat : Vacinas contra a Covid-19 est√£o se esgotando na Regi√£o Metropolitana do Rio, e cidades podem alterar cronograma."
"RT @RomeuZema : ‚ûï303.600 vacinas para Minas Gerais! Agora, com a chegada da 7¬™ remessa de doses contra a covid-19, iniciaremos a vacina√ß√£o de pessoas entre 75 e 79 anos. No total, o Estado j√° recebeu de 2.117.380 doses. https://t.co/UbKhjkxFJB","RT @RomeuZema : 303.600 vacinas para Minas Gerais! Agora, com a chegada da 7.¬™ remessa de doses contra a covid-19, iniciaremos a vacina√ß√£o de pessoas entre 75 e 79 anos. No total, o Estado j√° recebeu de 2.117.380 doses."
RT @Estadao : Saiba como diferenciar os sintomas de dengue e covid-19 nas crian√ßas https://t.co/jMKMXg1EMT,RT @Estadao : Saiba como diferenciar os sintomas de dengue e covid-19 nas crian√ßas.
"RT @zebrito87 : Um primo meu, de 34 anos e sem comorbidades, acabou de dar entrada na UTI de um hospital de Bel√©m por conta da Covid-19. Les√£o pulmonar de 70%. Ele testou positivo no dia 28/02 e estava ""bem"" at√© ontem. ***34 anos e sem comorbidades***.","RT @zebrito87 : Um primo meu, de 34 anos e sem comorbidades, acabou de dar entrada na UTI de um hospital de Bel√©m por conta da Covid-19. Les√£o pulmonar de 70%. Ele testou positivo no dia 28/02 e estava ‚Äúbem‚Äù at√© ontem. Trinta e quatro anos e sem comorbidades!"
"RT @joaoonetob : Acho que esqueceram desse v√≠deo.

Um comunista, maior criminoso da hist√≥ria do Brasil, comemorando a exist√™ncia do virus chin√™s, vulgo coronavirus/covid-19, um v√≠rus que ""come√ßou"" no pa√≠s comandado por um Partido Comunista.

Sim, n√≥s estamos em uma guerra, sofrendo ataques deles, https://t.co/9pu9qqgI4v","RT @joaoonetob : Acredito que esqueceram deste v√≠deo.
Um comunista, maior criminoso da hist√≥ria do Brasil, comemorando a exist√™ncia do v√≠rus chin√™s, vulgo coronav√≠rus/covid-19, um v√≠rus que ‚Äúcome√ßou‚Äù no pa√≠s comandado por um Partido Comunista.
Sim, estamos em uma guerra, sofrendo ataques deles."
RT @carmelonetobr : O Cear√° receber√° uma nova remessa com 109 mil doses de vacina contra COVID-19 amanh√£. A tend√™ncia para o pr√≥ximo m√™s √© que o n√∫mero de doses enviadas pelo Gov. Federal ao nosso estado aumente exponencialmente.,RT @carmelonetobr : O Cear√° receber√° uma nova remessa com 109 mil doses de vacina contra COVID-19 amanh√£. A tend√™ncia para o pr√≥ximo m√™s √© que o n√∫mero de doses enviadas pelo Gov. Federal ao nosso estado aumente exponencialmente.
"RT @augustodefranco : Lula, Moro... esque√ßam esses caras. Vamos voltar ao foco. O foco √© o seguinte: o Brasil tem um presidente negacionista da Covid-19 que est√° levando pessoas √† morte. Esse presidente n√£o pode continuar. Ele √© respons√°vel pela maior trag√©dia sanit√°ria da nossa hist√≥ria. Eis o foco.","RT @augustodefranco : Lula, Moro‚Ä¶ esque√ßam esses caros. Vamos voltar ao foco. O foco √© o seguinte: o Brasil tem um presidente negacionista da Covid-19 que est√° levando pessoas √† morte. Esse presidente n√£o pode continuar. Ele √© respons√°vel pela maior trag√©dia sanit√°ria da nossa hist√≥ria. Eis o foco."
"RT @slpng_giants_pt : O Brasil bateu recorde hoje de 1972 mortes por Covid-19 e ainda continuam divulgando desinforma√ß√£o sobre o lockdown, tratamento precoce, m√°scara e a vacina. Toda vez que voc√™s virem esses conte√∫dos, denunciem, pois essas mentiras levaram muitas vidas e n√£o podemos perder mais!‚úäüèΩ","RT @slpng_giants_pt : O Brasil bateu recorde hoje de 1972 mortes por Covid-19 e ainda continuam divulgando desinforma√ß√£o sobre o lockdown, tratamento precoce, m√°scara e a vacina. Toda vez que voc√™s virem esses conte√∫dos, denunciem, pois, essas mentiras levaram muitas vidas e n√£o podemos perder mais!"
"RT @GiordanaLube : Eu amo Cascavel mas tem gente aqui que n√£o cansa de passar vergonha... Aaafffffff come√ßaram logo depois da visita do ministro pai zueiro...
Intrigante... O chefe do grupo foi meu pediatra.... üôÑ
https://t.co/wnBQWdXWV5","RT @GiordanaLube : Amo Cascavel, mas tem gente aqui que n√£o cansa de passar vergonha‚Ä¶ come√ßaram logo depois da visita do ministro pai zueiro‚Ä¶
Intrigante‚Ä¶ O chefe do grupo foi meu pediatra‚Ä¶ "
"RT @belemtransito : Editorial da TV Liberal sobre as 9 mil mortes por COVID-19 no Par√°, via @Ieonunes:  https://t.co/wfeG36Gd2J
Obrigado @JoaoJadson"," RT @belemtransito : Editorial da TV Liberal sobre as 9 mil mortes por COVID-19 no Par√°, via @Ieonunes.
Obrigado @JoaoJadson.
"
"RT @alessandromolon : No dia em que o Brasil registra 1.927 mortes por covid-19, mais um recorde, o governo condiciona o aux√≠lio emergencial a cortes no or√ßamento em √°reas fundamentais como a Ci√™ncia e Tecnologia, inseridos cruelmente na PEC Emergencial. Vergonha.","RT @alessandromolon : No dia em que o Brasil registra 1927 mortes por covid-19, mais um recorde, o governo condiciona o aux√≠lio emergencial a cortes no or√ßamento em √°reas fundamentais como a Ci√™ncia e Tecnologia, inseridos cruelmente na PEC Emergencial. Vergonha."
"RT @DC__Ferreira : Uma semana de ang√∫stia.

Na sexta-feira o @absvasconcelos deu entrada na uti de Est√¢ncia com pneumonia agravada pela covid 19. Acordei no s√°bado com essa not√≠cia e at√© o domingo ele estava em Estado grave.

√â triste demais ver um amigo passar por isso sem poder fazer nada
+ https://t.co/byN8HNB8Gm"," RT @DC__Ferreira : Uma semana de ang√∫stia.

Na sexta-feira o @absvasconcelos deu entrada na UTI de Est√¢ncia com pneumonia agravada pela covid 19. Acordei no s√°bado com essa not√≠cia e at√© o domingo ele estava em Estado grave.

√â triste demais ver um amigo passar por isso sem poder fazer nada.
"
RT @revistaoeste : Governadores e prefeitos deram reajuste ilegal a servidores em meio ao surto de covid-19 https://t.co/euCtozVd9z,RT @revistaoeste : Governadores e prefeitos deram reajuste ilegal a servidores em meio ao surto de covid-19.
"RT @Digenes53250620 : @otonjunior @alexandregarcia A Covid-19 mata com certeza, pois j√° matou milhares no Brasil. Os medicamentos ministrados precocemente, incluindo a cloroquina, n√£o mataram ningu√©m at√© agora! Por que n√£o tom√°-los? N√£o sejam idiotas, em caso de Covid, tomem tudo que tiver dispon√≠vel, o quanto antes..","RT @Digenes53250620 : @otonjunior @alexandregarcia A Covid-19 mata com certeza, pois j√° matou milhares no Brasil. Os medicamentos ministrados precocemente, incluindo a cloroquina, n√£o mataram ningu√©m at√© agora! Por que n√£o tom√°-los? N√£o sejam idiotas, em caso de Covid, tomem tudo que tiver dispon√≠vel, quanto antes."
"RT @UOLNoticias : Recorde ap√≥s recorde, Brasil beira 2.000 mortes pela covid em um dia https://t.co/AfI0YFzXJW","RT @UOLNoticias : Recorde ap√≥s recorde, Brasil beira 2.000 mortes pela covid em um dia https://t.co/AfI0YFzXJW"
"RT @slpng_giants_pt : 1972: RECORDE DE MORTES POR COVID-19 NAS √öLTIMAS 24 HORAS

E no mesmo dia o Ter√ßa Livre debocha das mortes ao compartilhar um falso tratamento precoce. @YouTubeBrasil, vamos parar de lucrar com esse tipo de conte√∫do odioso e fraudulento? Pfv desmonetize!‚úäüèΩ#SleepingGiantsBrasil https://t.co/ikHucYlhMq","

RT @slpng_giants_pt : 1972, RECORDE DE MORTES POR COVID-19 NAS √öLTIMAS 24 HORAS.

No mesmo dia o Ter√ßa Livre debocha das mortes ao compartilhar um falso tratamento precoce. @YouTubeBrasil, vamos parar de lucrar com essa categoria de conte√∫do odioso e fraudulento? Por favor, desmonetize! #SleepingGiantsBrasil.

"
"RT @delucca : Somos o pa√≠s do mundo com maior n√∫mero de mortos por Covid-19. Gra√ßas a gest√£o desastrosa e genocida de Jair Bolsonaro em rela√ß√£o a pandemia, viramos o epicentro global desta desgra√ßa. https://t.co/QnSxjPNL3M","RT @delucca : Somos o pa√≠s com maior n√∫mero de mortos por Covid-19. Gra√ßas a gest√£o desastrosa e genocida de Jair Bolsonaro em rela√ß√£o √† pandemia, viramos o epicentro global desta desgra√ßa."
"RT @cubanonobrasil : Brasil bate recorde com 1.954 mortes em 24 h e atinge maior m√©dia de √≥bitos
Infelizmente ao passo que vamos chegamos aos 2000 por dia!!!!!!! https://t.co/oMXM4VphFT via @UOLNoticias @UOL"," RT @cubanonobrasil : Brasil bate recorde com 1954 mortes em 24 h e atinge maior m√©dia de √≥bitos
Infelizmente ao passo que vamos chegamos aos 2000 por dia! Via @UOLNoticias @UOL.
"
"RT @VEJA : CoronaVac √© eficaz contra a variante da Covid-19 identificada em Manaus, diz estudo  https://t.co/99pvWjq0SK https://t.co/vT4YvyfSiB","RT @VEJA : CoronaVac √© eficaz contra a variante da Covid-19 identificada em Manaus, diz estudo."
"@L16neves @drauziovarella Sabe o que vai nos salvar? VACINA√á√ÉO, esse sim √© o m√©todo mais eficaz e cientificamente comprovado que funciona no mundo inteiro e que est√° salvando vidas. Mas enquanto a vacina√ß√£o est√° em andamento por aqui, por favor se cuidem e sigam todos os protocolos de combate √† covid-19","@L16neves @drauziovarella Sabe o que vai nos salvar? VACINA√á√ÉO, esse sim, √© o m√©todo mais eficaz e cientificamente comprovado que funciona no mundo inteiro e que est√° salvando vidas. Mas enquanto a vacina√ß√£o est√° em andamento por aqui, por favor se cuidem e sigam todos os protocolos de combate √† covid-19"
"@LimaRaq Passei o ano passado inteiro preocupado em pegar e transmitir para meus pais e minha sogra.
Esse ano j√° t√¥ preocupado em pegar e ter complica√ß√µes. 
Agora o COVID-19 est√° pegando pesado com n√≥s mais ""jovens""."," @LimaRaq Passei o ano passado inteiro preocupado em pegar e transmitir para meus pais e minha sogra.
Esse ano j√° t√¥ preocupado em pegar e ter complica√ß√µes.
Agora a COVID-19 est√° pegando pesado conosco, mais ""jovens"".
"
"RT @secomvc : Cerca de 2 mil leitos para o combate √† Covid-19 j√° foram disponibilizados por hospitais federais universit√°rios da Rede Ebserh/MEC.

Aproximadamente mais 170 leitos est√£o previstos em seis unidades hospitalares.

Leia mais em: https://t.co/jYAI758bkx https://t.co/3g3QX2B9tE"," RT @secomvc : Cerca de 2 mil leitos para o combate √† Covid-19 j√° foram disponibilizados por hospitais federais universit√°rios da Rede Ebserh/MEC.

Aproximadamente mais 170 leitos est√£o previstos em seis unidades hospitalares.
"
"Lembrando que @Biakicis usou uma m√°scara fazendo chacota com os mortos por COVID-19. Pois na m√°scara que ela usava estava a frase ""E da√≠?"", tal frase fazendo alus√£o a resposta que Jair Bolsonaro deu quando o mesmo foi perguntado sobre os mortos por COVID-19.","Lembrando que @Biakicis usou uma m√°scara fazendo chacota com os mortos por COVID-19. Pois, na m√°scara que ela usava estava a frase ""E da√≠?"", tal frase fazendo alus√£o a resposta que Jair Bolsonaro deu quando o mesmo foi perguntado sobre os mortos por COVID-19."
RT @jorgeviana : Um crime com nome e sobrenome....Brasil bate recorde com 1.954 mortes em 24 h e atinge maior m√©dia de √≥bitos https://t.co/c1XhWKCRi2 via @UOLNoticias @UOL,"RT @jorgeviana : Um crime com nome e sobrenome‚Ä¶ Brasil bate recorde com 1954 mortes em 24 h e atinge maior m√©dia de √≥bitos, via @UOLNoticias @UOL"
"E os tr√™s disc√≠pulos do Messias, j√° voltaram da miss√£o apost√≥lica em Israel?
#Covid_19 
#COVID19 
#BolsonaroGenocida
#MoroLivre
#prayforbrazil"," E os tr√™s disc√≠pulos do Messias, j√° voltaram da miss√£o apost√≥lica em Israel?
#Covid_19
#COVID19
#BolsonaroGenocida
#MoroLivre
#prayforbrazil
"
Entre hoje e amanh√£ minha casa vive novos ciclos. Meus pais acabam de sair de isolamento da COVID-19 e meu irm√£o recome√ßa a constru√ß√£o de seu lar. H√° um mist√©rio na vida que s√≥ se entende quem desperta para a vida que j√° tem: o segredo do contentamento.,Entre hoje e amanh√£ minha casa vive novos ciclos. Meus pais acabam de sair de isolamento da COVID-19 e meu irm√£o recome√ßa a constru√ß√£o de seu lar. H√° um mist√©rio na vida que s√≥ se entende quem desperta para a vida que j√° tem: o segredo do contentamento.
"RT @josegallucci : üëâInsisto, quanto custou ao er√°rio esta piada? Com 2 mil mortos/dia e sem vacinas suficientes esta √© a principal a√ß√£o do governo no combate √† COVID-19?

Spray nasal em teste n√£o √© milagre nem supera vacina, diz m√©dico que liderou for√ßa anti-Covid em Israel https://t.co/lxwgITDkSl"," RT @josegallucci : Insisto, quanto custou ao er√°rio essa piada? Com 2 mil mortos/dia e sem vacinas suficientes esta √© a principal a√ß√£o do governo no combate √† COVID-19?

‚ÄòSpray‚Äô nasal em teste n√£o √© milagre nem supera vacina, diz m√©dico que liderou for√ßa anti-Covid em Israel.
"
"RT @nadanovonofront : Araraquara, que teve coragem de fazer lockdown h√° quinze dias, agora v√™ uma queda expressiva de novos casos de COVID 19. Funciona demais, √© s√≥ ter coragem de fazer https://t.co/XiVRpkuFU1","RT @nadanovonofront : Araraquara, que teve coragem de fazer lockdown h√° quinze dias, agora v√™ uma queda expressiva de novos casos de COVID 19. Funciona demais, √© s√≥ ter coragem de fazer."
"RT @camaradeputados : O presidente da C√¢mara dos Deputados, @ArthurLira_ (PP-AL), reconheceu a import√¢ncia da parceria comercial entre Brasil e China e pediu ajuda ao governo chin√™s para a supera√ß√£o da pandemia de Covid-19. https://t.co/wSKlW9QHzB https://t.co/sWFM9nY7dG","RT @camaradeputados : O presidente da C√¢mara dos Deputados, @ArthurLira_ (PP-AL), reconheceu a import√¢ncia da parceria comercial entre o Brasil e China e pediu ajuda ao governo chin√™s para a supera√ß√£o da pandemia de Covid-19."
"RT @randolfeap : Na √∫ltima semana, quase 20% das mortes por Covid-19 no planeta foram de brasileiros. Pelo menos 3 de cada 4 dessas mortes poderiam ter sido evitadas. Hoje, perdemos mais 1972 compatriotas. O recorde tr√°gico da pandemia no Brasil.

Nunca foi t√£o urgente instalar uma CPI. https://t.co/VxyXPJ61zh"," RT @randolfeap : Na √∫ltima semana, quase 20% das mortes por Covid-19 no planeta foram de brasileiros. Pelo menos 3 de cada 4 dessas mortes poderiam ter sido evitadas. Hoje, perdemos mais 1972 compatriotas. O recorde tr√°gico da pandemia no Brasil.

Nunca foi t√£o urgente instalar uma CPI.
"
"RT @contagemcorona1 : ""VOLTA √ÄS AULAS""

23 mil suspeitas, mais e 4 mil casos de #COVID19 confirmados e 21 mortos. Este √© o saldo em SP:

https://t.co/q7Pa2N52Hs"," RT @contagemcorona1 : ""VOLTA √ÄS AULAS""

23 mil suspeitas, mais e 4 mil casos de #COVID19 confirmados e 21 mortos. Este √© o saldo em SP.
"
"RT @O_kraken_br : Oi @jdoriajr Sabe explicar por que a @sabesp gastou R$ 2.949.000,00 para AQUISI√á√ÉO DE TABLETS PARA USO DO SISTEMA DE REGISTRO DE VACINAS-VIDA (CAMPANHA DE VACINA√á√ÉO CONTRA A COVID-19)??? Por acaso voc√™s s√£o uma autarquia da sa√∫de??? https://t.co/0BjMUlKjU5","RT @O_kraken_br : Oi!? @jdoriajr Sabe explicar por que a @sabesp gastou R$ 2.949.000,00 para AQUISI√á√ÉO DE TABLETS PARA USO DO SISTEMA DE REGISTRO DE VACINAS-VIDA (CAMPANHA DE VACINA√á√ÉO CONTRA A COVID-19)? Por acaso voc√™s s√£o uma autarquia da sa√∫de?"
"RT @UpdateKBoys : A Starship anunciou que o Shownu do Monsta X n√£o ir√° participar do evento do single japon√™s do grupo, pois ele precisa se auto-isolar, enquanto espera o seu resultado do teste da COVID-19.

Ele foi testado apenas como requisito para a sua agenda pessoal. https://t.co/DnR6574vJP"," RT @UpdateKBoys : A Starship anunciou que o Shownu do Monsta X n√£o ir√° participar do evento do single japon√™s do grupo, pois ele precisa se auto-isolar, enquanto espera o seu resultado do teste da COVID-19.

Ele foi testado apenas como requisito para a sua agenda pessoal.
"
RT @do_genocida : O BRASIL ENTRANDO EM COLPSO E N√ÉO PODEMOS  CHAMAR DE GENOCIDA?           Evolu√ß√£o da ocupa√ß√£o dos leitos de UTI Covid 19 segundo a Funda√ß√£o Fiocruz. #BolsonaroGenocida https://t.co/ZXs8jO8JBb,RT @do_genocida : O BRASIL ENTRANDO EM COLAPSO E N√ÉO PODEMOS CHAMAR DE GENOCIDA? Evolu√ß√£o da ocupa√ß√£o dos leitos de UTI Covid 19 segundo a Funda√ß√£o Fiocruz. #BolsonaroGenocida.
"Antes de iniciarmos os trabalhos do Big T√≥xico Brasil (BBB), informo que a Colombia e o Chile suspenderam os voos vindos do BR por tempo indeterminado devido a nova variante da COVID-19 que s√≥ se desenvolveu diante as pr√°ticas negacionistas e anti-sanit√°rias do @jairbolsonaro","Antes de iniciarmos os trabalhos do Big T√≥xico Brasil (BBB), informo que a Col√¥mbia e o Chile suspenderam os voos vindos do BR por tempo indeterminado devido a nova variante da COVID-19 que s√≥ se desenvolveu diante as pr√°ticas negacionistas e anti-sanit√°rias do @jairbolsonaro."
"Nesta ter√ßa-feira, 9 de mar√ßo, foram confirmados tr√™s novos casos da covid-19. Trata-se de uma mulher e dois homens.

Temos ainda tr√™s pacientes internados no Hospital Municipal e dez internados em Vit√≥ria da Conquista.

FIQUE EM CASA! USE M√ÅSCARA! 

#pmbc #barradocho√ßa https://t.co/MHoNjbpxSd"," Nesta ter√ßa-feira, 9 de mar√ßo, foram confirmados tr√™s novos casos da covid-19. Trata-se de uma mulher e dois homens.

Temos ainda tr√™s pacientes internados no Hospital Municipal e dez internados em Vit√≥ria da Conquista.

FIQUE EM CASA! USE M√ÅSCARA!

#pmbc #barradocho√ßa
."
"N√ÉO √â POSS√çVEL! ü§¶‚Äç‚ôÄÔ∏èü§¶‚Äç‚ôÄÔ∏è
Agora, sim, o meteoro chegou! 

Senado vai debater 'tratamento profil√°tico' contra covid-19 ‚Äî Senado Not√≠cias https://t.co/sjPdsCzMEd"," N√ÉO √â POSS√çVEL!
Agora, sim, o meteoro chegou!

Senado vai debater 'tratamento profil√°tico' contra covid-19 ‚Äî Senado Not√≠cias.
"
RT @plantao190 : Recebemos uma informa√ß√µes de um profissional da Sa√∫de que todos hospitais de Curitiba fecharam as portas agora a noite para pacientes de Covid-19. No Hospital do Trabalhador h√° uma fila de ambul√¢ncias aguardando para ver se conseguem alguma vaga.,RT @plantao190 : Recebemos umas informa√ß√µes de um profissional da Sa√∫de que todos os hospitais de Curitiba fecharam as portas agora a noite para pacientes de Covid-19. No Hospital do Trabalhador h√° uma fila de ambul√¢ncias aguardando para ver se conseguem alguma vaga.
"RT @bollemdb : Cerca de 1/3 dos ‚Äúrecuperados‚Äù de COVID-19 sofrem de algum sintoma ou sintomas meses ap√≥s a doen√ßa. O problema √© comum mesmo entre casos leves ou assintom√°ticos. Esse √© um ser√≠ssimo problema para a sa√∫de p√∫blica:

https://t.co/O4OPfu8XZB",RT @bollemdb : Cerca de 1/3 dos ‚Äúrecuperados‚Äù de COVID-19 sofrem de algum sintoma ou sintomas meses ap√≥s a doen√ßa. O problema √© comum mesmo entre casos leves ou assintom√°ticos. Esse √© um ser√≠ssimo problema para a sa√∫de p√∫blica.